timestamp, pstate, utilization.gpu [%], clocks.current.graphics [MHz], clocks.current.memory [MHz], temperature.gpu, power.draw [W], memory.used [MiB]
2026/10/10 00:28:53.843, P8, 1 %, 135 MHz, 405 MHz, 30, 15.05 W, 390 MiB
2026/10/10 00:28:54.077, P8, 0 %, 135 MHz, 405 MHz, 30, 14.95 W, 390 MiB
2026/10/10 00:28:54.298, P8, 0 %, 135 MHz, 405 MHz, 30, 15.62 W, 399 MiB
2026/10/10 00:28:54.515, P8, 21 %, 135 MHz, 405 MHz, 30, 15.53 W, 398 MiB
2026/10/10 00:28:54.733, P0, 1 %, 1177 MHz, 3505 MHz, 30, 17.73 W, 410 MiB
2026/10/10 00:28:54.952, P0, 2 %, 1177 MHz, 3505 MHz, 30, 27.03 W, 426 MiB
2026/10/10 00:28:55.171, P0, 0 %, 1177 MHz, 3505 MHz, 31, 27.03 W, 426 MiB
2026/10/10 00:28:55.390, P0, 0 %, 1177 MHz, 3505 MHz, 31, 27.03 W, 426 MiB
2026/10/10 00:28:55.610, P0, 0 %, 1177 MHz, 3505 MHz, 31, 27.03 W, 426 MiB
2026/10/10 00:28:55.829, P0, 0 %, 1177 MHz, 3505 MHz, 31, 27.03 W, 426 MiB
2026/10/10 00:28:56.046, P0, 0 %, 1177 MHz, 3505 MHz, 31, 27.03 W, 426 MiB
2026/10/10 00:28:56.265, P0, 0 %, 1177 MHz, 3505 MHz, 31, 27.13 W, 433 MiB
2026/10/10 00:28:56.484, P0, 1 %, 1177 MHz, 3505 MHz, 32, 43.91 W, 442 MiB
2026/10/10 00:28:56.702, P0, 56 %, 1177 MHz, 3505 MHz, 32, 49.77 W, 445 MiB
2026/10/10 00:28:56.921, P0, 58 %, 1177 MHz, 3505 MHz, 32, 48.14 W, 445 MiB
2026/10/10 00:28:57.139, P0, 57 %, 1177 MHz, 3505 MHz, 37, 50.91 W, 437 MiB
2026/10/10 00:28:57.358, P0, 59 %, 1177 MHz, 3505 MHz, 37, 48.71 W, 445 MiB
2026/10/10 00:28:57.577, P0, 57 %, 1177 MHz, 3505 MHz, 37, 50.17 W, 437 MiB
2026/10/10 00:28:57.797, P0, 57 %, 1177 MHz, 3505 MHz, 37, 47.47 W, 444 MiB
2026/10/10 00:28:58.016, P0, 56 %, 1177 MHz, 3505 MHz, 37, 51.58 W, 445 MiB
2026/10/10 00:28:58.235, P0, 58 %, 1177 MHz, 3505 MHz, 37, 48.33 W, 445 MiB
2026/10/10 00:28:58.453, P0, 58 %, 1177 MHz, 3505 MHz, 37, 50.36 W, 445 MiB
2026/10/10 00:28:58.671, P0, 55 %, 1177 MHz, 3505 MHz, 37, 51.78 W, 437 MiB
2026/10/10 00:28:58.891, P0, 57 %, 1177 MHz, 3505 MHz, 37, 48.81 W, 445 MiB
2026/10/10 00:28:59.110, P0, 58 %, 1177 MHz, 3505 MHz, 37, 47.75 W, 445 MiB
2026/10/10 00:28:59.327, P0, 57 %, 1177 MHz, 3505 MHz, 37, 48.62 W, 445 MiB
2026/10/10 00:28:59.546, P0, 58 %, 1177 MHz, 3505 MHz, 37, 51.59 W, 437 MiB
2026/10/10 00:28:59.764, P0, 58 %, 1177 MHz, 3505 MHz, 38, 51.97 W, 437 MiB
2026/10/10 00:28:59.984, P0, 57 %, 1177 MHz, 3505 MHz, 38, 36.25 W, 418 MiB
2026/10/10 00:29:00.203, P0, 3 %, 1177 MHz, 3505 MHz, 38, 27.51 W, 394 MiB
2026/10/10 00:29:00.421, P0, 3 %, 1177 MHz, 3505 MHz, 34, 27.70 W, 398 MiB
2026/10/10 00:29:00.639, P0, 2 %, 1177 MHz, 3505 MHz, 34, 27.13 W, 403 MiB
2026/10/10 00:29:00.848, P0, 1 %, 1177 MHz, 3505 MHz, 34, 27.13 W, 426 MiB
2026/10/10 00:29:01.068, P0, 0 %, 1177 MHz, 3505 MHz, 33, 27.03 W, 426 MiB
2026/10/10 00:29:01.281, P0, 0 %, 1177 MHz, 3505 MHz, 33, 27.13 W, 426 MiB
2026/10/10 00:29:01.500, P0, 0 %, 1177 MHz, 3505 MHz, 33, 27.03 W, 426 MiB
2026/10/10 00:29:01.718, P0, 0 %, 1177 MHz, 3505 MHz, 33, 27.03 W, 426 MiB
2026/10/10 00:29:01.937, P0, 0 %, 1177 MHz, 3505 MHz, 33, 27.03 W, 426 MiB
2026/10/10 00:29:02.156, P0, 0 %, 1177 MHz, 3505 MHz, 33, 27.03 W, 426 MiB
2026/10/10 00:29:02.375, P0, 0 %, 1177 MHz, 3505 MHz, 32, 31.75 W, 440 MiB
2026/10/10 00:29:02.593, P0, 46 %, 1177 MHz, 3505 MHz, 32, 47.77 W, 445 MiB
2026/10/10 00:29:02.811, P0, 55 %, 1177 MHz, 3505 MHz, 32, 48.81 W, 445 MiB
2026/10/10 00:29:03.031, P0, 58 %, 1177 MHz, 3505 MHz, 37, 48.43 W, 444 MiB
2026/10/10 00:29:03.250, P0, 56 %, 1177 MHz, 3505 MHz, 37, 48.62 W, 444 MiB
2026/10/10 00:29:03.468, P0, 56 %, 1177 MHz, 3505 MHz, 37, 47.94 W, 445 MiB
2026/10/10 00:29:03.687, P0, 57 %, 1177 MHz, 3505 MHz, 38, 49.69 W, 437 MiB
2026/10/10 00:29:03.897, P0, 58 %, 1177 MHz, 3505 MHz, 38, 48.53 W, 444 MiB
2026/10/10 00:29:04.116, P0, 58 %, 1177 MHz, 3505 MHz, 38, 51.47 W, 445 MiB
2026/10/10 00:29:04.329, P0, 57 %, 1177 MHz, 3505 MHz, 38, 51.47 W, 445 MiB
2026/10/10 00:29:04.546, P0, 58 %, 1177 MHz, 3505 MHz, 38, 49.78 W, 444 MiB
2026/10/10 00:29:04.766, P0, 57 %, 1177 MHz, 3505 MHz, 38, 50.34 W, 445 MiB
2026/10/10 00:29:04.976, P0, 58 %, 1177 MHz, 3505 MHz, 38, 48.42 W, 444 MiB
2026/10/10 00:29:05.187, P0, 55 %, 1177 MHz, 3505 MHz, 38, 50.14 W, 445 MiB
2026/10/10 00:29:05.406, P0, 58 %, 1177 MHz, 3505 MHz, 38, 50.34 W, 437 MiB
2026/10/10 00:29:05.624, P0, 55 %, 1177 MHz, 3505 MHz, 38, 49.88 W, 437 MiB
2026/10/10 00:29:05.843, P0, 56 %, 1177 MHz, 3505 MHz, 38, 48.62 W, 445 MiB
2026/10/10 00:29:06.070, P0, 22 %, 1177 MHz, 3505 MHz, 38, 28.09 W, 398 MiB
2026/10/10 00:29:06.281, P0, 3 %, 1177 MHz, 3505 MHz, 35, 27.99 W, 398 MiB
2026/10/10 00:29:06.499, P0, 3 %, 1177 MHz, 3505 MHz, 35, 27.22 W, 398 MiB
2026/10/10 00:29:06.718, P0, 2 %, 1177 MHz, 3505 MHz, 35, 27.22 W, 426 MiB
2026/10/10 00:29:06.931, P0, 0 %, 1177 MHz, 3505 MHz, 34, 27.22 W, 426 MiB
2026/10/10 00:29:07.149, P0, 0 %, 1177 MHz, 3505 MHz, 34, 27.13 W, 426 MiB
2026/10/10 00:29:07.359, P0, 0 %, 1177 MHz, 3505 MHz, 34, 27.13 W, 426 MiB
2026/10/10 00:29:07.577, P0, 0 %, 1177 MHz, 3505 MHz, 34, 27.13 W, 426 MiB
2026/10/10 00:29:07.796, P0, 0 %, 1177 MHz, 3505 MHz, 34, 27.13 W, 426 MiB
2026/10/10 00:29:08.009, P0, 0 %, 1177 MHz, 3505 MHz, 34, 27.03 W, 426 MiB
2026/10/10 00:29:08.218, P0, 1 %, 1177 MHz, 3505 MHz, 33, 27.13 W, 434 MiB
2026/10/10 00:29:08.437, P0, 21 %, 1177 MHz, 3505 MHz, 33, 50.56 W, 445 MiB
2026/10/10 00:29:08.656, P0, 57 %, 1177 MHz, 3505 MHz, 33, 45.65 W, 445 MiB
2026/10/10 00:29:08.875, P0, 54 %, 1177 MHz, 3505 MHz, 37, 47.47 W, 444 MiB
2026/10/10 00:29:09.093, P0, 56 %, 1177 MHz, 3505 MHz, 37, 50.04 W, 444 MiB
2026/10/10 00:29:09.312, P0, 57 %, 1177 MHz, 3505 MHz, 37, 48.42 W, 445 MiB
2026/10/10 00:29:09.530, P0, 57 %, 1177 MHz, 3505 MHz, 38, 50.65 W, 437 MiB
2026/10/10 00:29:09.749, P0, 57 %, 1177 MHz, 3505 MHz, 38, 48.81 W, 444 MiB
2026/10/10 00:29:09.962, P0, 57 %, 1177 MHz, 3505 MHz, 38, 51.68 W, 437 MiB
2026/10/10 00:29:10.172, P0, 57 %, 1177 MHz, 3505 MHz, 38, 47.28 W, 444 MiB
2026/10/10 00:29:10.389, P0, 54 %, 1177 MHz, 3505 MHz, 38, 48.42 W, 445 MiB
2026/10/10 00:29:10.609, P0, 57 %, 1177 MHz, 3505 MHz, 38, 49.28 W, 445 MiB
2026/10/10 00:29:10.828, P0, 55 %, 1177 MHz, 3505 MHz, 38, 49.01 W, 444 MiB
2026/10/10 00:29:11.046, P0, 55 %, 1177 MHz, 3505 MHz, 38, 51.20 W, 437 MiB
2026/10/10 00:29:11.265, P0, 55 %, 1177 MHz, 3505 MHz, 38, 51.49 W, 445 MiB
2026/10/10 00:29:11.484, P0, 56 %, 1177 MHz, 3505 MHz, 39, 51.30 W, 437 MiB
2026/10/10 00:29:11.702, P0, 57 %, 1177 MHz, 3505 MHz, 39, 49.98 W, 437 MiB
2026/10/10 00:29:11.916, P0, 57 %, 1177 MHz, 3505 MHz, 39, 36.54 W, 418 MiB
2026/10/10 00:29:12.134, P0, 6 %, 1177 MHz, 3505 MHz, 36, 27.80 W, 406 MiB
2026/10/10 00:29:12.364, P0, 3 %, 1177 MHz, 3505 MHz, 36, 27.70 W, 398 MiB
2026/10/10 00:29:12.578, P0, 1 %, 1177 MHz, 3505 MHz, 36, 27.22 W, 405 MiB
2026/10/10 00:29:12.797, P0, 2 %, 1177 MHz, 3505 MHz, 34, 27.22 W, 426 MiB
2026/10/10 00:29:13.046, P0, 0 %, 1177 MHz, 3505 MHz, 34, 27.13 W, 426 MiB
2026/10/10 00:29:13.265, P0, 0 %, 1177 MHz, 3505 MHz, 34, 27.22 W, 426 MiB
2026/10/10 00:29:13.475, P0, 0 %, 1177 MHz, 3505 MHz, 34, 27.13 W, 426 MiB
2026/10/10 00:29:13.687, P0, 0 %, 1177 MHz, 3505 MHz, 34, 27.13 W, 426 MiB
2026/10/10 00:29:13.905, P0, 0 %, 1177 MHz, 3505 MHz, 34, 27.13 W, 426 MiB
2026/10/10 00:29:14.124, P0, 0 %, 1177 MHz, 3505 MHz, 34, 27.13 W, 433 MiB
2026/10/10 00:29:14.335, P0, 1 %, 1177 MHz, 3505 MHz, 34, 39.51 W, 540 MiB
2026/10/10 00:29:14.546, P0, 31 %, 1177 MHz, 3505 MHz, 37, 50.23 W, 519 MiB
2026/10/10 00:29:14.765, P0, 64 %, 1354 MHz, 3505 MHz, 37, 74.21 W, 528 MiB
2026/10/10 00:29:14.982, P0, 65 %, 1354 MHz, 3505 MHz, 37, 65.06 W, 535 MiB
2026/10/10 00:29:15.203, P0, 66 %, 1354 MHz, 3505 MHz, 42, 68.86 W, 535 MiB
2026/10/10 00:29:15.413, P0, 68 %, 1354 MHz, 3505 MHz, 42, 68.39 W, 535 MiB
2026/10/10 00:29:15.625, P0, 69 %, 1354 MHz, 3505 MHz, 42, 71.25 W, 535 MiB
2026/10/10 00:29:15.844, P0, 68 %, 1354 MHz, 3505 MHz, 43, 68.28 W, 519 MiB
2026/10/10 00:29:16.070, P0, 65 %, 1354 MHz, 3505 MHz, 43, 68.69 W, 535 MiB
2026/10/10 00:29:16.282, P0, 65 %, 1354 MHz, 3505 MHz, 43, 67.35 W, 535 MiB
2026/10/10 00:29:16.499, P0, 66 %, 1354 MHz, 3505 MHz, 43, 70.60 W, 535 MiB
2026/10/10 00:29:16.718, P0, 66 %, 1354 MHz, 3505 MHz, 43, 70.79 W, 535 MiB
2026/10/10 00:29:16.937, P0, 66 %, 1354 MHz, 3505 MHz, 43, 72.03 W, 535 MiB
2026/10/10 00:29:17.156, P0, 66 %, 1354 MHz, 3505 MHz, 44, 69.63 W, 519 MiB
2026/10/10 00:29:17.374, P0, 69 %, 1354 MHz, 3505 MHz, 44, 70.68 W, 535 MiB
2026/10/10 00:29:17.593, P0, 69 %, 1354 MHz, 3505 MHz, 44, 68.67 W, 535 MiB
2026/10/10 00:29:17.813, P0, 67 %, 1354 MHz, 3505 MHz, 44, 72.87 W, 535 MiB
2026/10/10 00:29:18.029, P0, 66 %, 1354 MHz, 3505 MHz, 44, 66.60 W, 535 MiB
2026/10/10 00:29:18.250, P0, 65 %, 1354 MHz, 3505 MHz, 44, 68.79 W, 535 MiB
2026/10/10 00:29:18.468, P0, 66 %, 1354 MHz, 3505 MHz, 44, 74.94 W, 528 MiB
2026/10/10 00:29:18.687, P0, 66 %, 1354 MHz, 3505 MHz, 44, 73.46 W, 519 MiB
2026/10/10 00:29:18.905, P0, 66 %, 1354 MHz, 3505 MHz, 44, 69.05 W, 535 MiB
2026/10/10 00:29:19.125, P0, 66 %, 1354 MHz, 3505 MHz, 44, 74.96 W, 528 MiB
2026/10/10 00:29:19.343, P0, 66 %, 1354 MHz, 3505 MHz, 44, 71.34 W, 519 MiB
2026/10/10 00:29:19.562, P0, 68 %, 1354 MHz, 3505 MHz, 44, 76.18 W, 528 MiB
2026/10/10 00:29:19.781, P0, 63 %, 1354 MHz, 3505 MHz, 44, 66.48 W, 535 MiB
2026/10/10 00:29:19.998, P0, 67 %, 1354 MHz, 3505 MHz, 44, 67.62 W, 535 MiB
2026/10/10 00:29:20.203, P0, 65 %, 1354 MHz, 3505 MHz, 44, 68.77 W, 535 MiB
2026/10/10 00:29:20.421, P0, 18 %, 1354 MHz, 3505 MHz, 41, 36.16 W, 398 MiB
2026/10/10 00:29:20.640, P0, 3 %, 1354 MHz, 3505 MHz, 41, 35.68 W, 398 MiB
2026/10/10 00:29:20.849, P0, 3 %, 1354 MHz, 3505 MHz, 41, 34.72 W, 398 MiB
2026/10/10 00:29:21.061, P0, 0 %, 1354 MHz, 3505 MHz, 38, 34.72 W, 426 MiB
2026/10/10 00:29:21.281, P0, 0 %, 1354 MHz, 3505 MHz, 38, 34.62 W, 426 MiB
2026/10/10 00:29:21.500, P0, 0 %, 1354 MHz, 3505 MHz, 38, 34.52 W, 426 MiB
2026/10/10 00:29:21.717, P0, 0 %, 1354 MHz, 3505 MHz, 37, 34.53 W, 426 MiB
2026/10/10 00:29:21.937, P0, 0 %, 1354 MHz, 3505 MHz, 37, 34.52 W, 426 MiB
2026/10/10 00:29:22.156, P0, 0 %, 1354 MHz, 3505 MHz, 37, 34.52 W, 426 MiB
2026/10/10 00:29:22.374, P0, 0 %, 1354 MHz, 3505 MHz, 37, 34.52 W, 426 MiB
2026/10/10 00:29:22.593, P0, 1 %, 1354 MHz, 3505 MHz, 37, 34.43 W, 435 MiB
2026/10/10 00:29:22.812, P0, 23 %, 1354 MHz, 3505 MHz, 37, 65.52 W, 535 MiB
2026/10/10 00:29:23.031, P0, 68 %, 1354 MHz, 3505 MHz, 43, 74.31 W, 528 MiB
2026/10/10 00:29:23.248, P0, 69 %, 1354 MHz, 3505 MHz, 43, 71.64 W, 519 MiB
2026/10/10 00:29:23.468, P0, 67 %, 1354 MHz, 3505 MHz, 43, 77.25 W, 528 MiB
2026/10/10 00:29:23.687, P0, 70 %, 1354 MHz, 3505 MHz, 44, 70.98 W, 535 MiB
2026/10/10 00:29:23.906, P0, 65 %, 1354 MHz, 3505 MHz, 44, 76.39 W, 528 MiB
2026/10/10 00:29:24.125, P0, 66 %, 1354 MHz, 3505 MHz, 44, 72.58 W, 519 MiB
2026/10/10 00:29:24.343, P0, 65 %, 1354 MHz, 3505 MHz, 44, 72.59 W, 528 MiB
2026/10/10 00:29:24.563, P0, 64 %, 1354 MHz, 3505 MHz, 44, 69.05 W, 535 MiB
2026/10/10 00:29:24.780, P0, 69 %, 1354 MHz, 3505 MHz, 44, 75.15 W, 528 MiB
2026/10/10 00:29:24.999, P0, 67 %, 1354 MHz, 3505 MHz, 45, 71.93 W, 535 MiB
2026/10/10 00:29:25.218, P0, 70 %, 1354 MHz, 3505 MHz, 45, 71.83 W, 519 MiB
2026/10/10 00:29:25.436, P0, 69 %, 1354 MHz, 3505 MHz, 45, 76.96 W, 528 MiB
2026/10/10 00:29:25.656, P0, 68 %, 1354 MHz, 3505 MHz, 45, 77.54 W, 528 MiB
2026/10/10 00:29:25.874, P0, 68 %, 1354 MHz, 3505 MHz, 45, 69.34 W, 535 MiB
2026/10/10 00:29:26.094, P0, 69 %, 1354 MHz, 3505 MHz, 45, 72.13 W, 519 MiB
2026/10/10 00:29:26.312, P0, 65 %, 1354 MHz, 3505 MHz, 45, 69.45 W, 519 MiB
2026/10/10 00:29:26.532, P0, 66 %, 1354 MHz, 3505 MHz, 45, 66.68 W, 535 MiB
2026/10/10 00:29:26.750, P0, 64 %, 1354 MHz, 3505 MHz, 45, 70.21 W, 519 MiB
2026/10/10 00:29:26.968, P0, 65 %, 1354 MHz, 3505 MHz, 45, 67.55 W, 519 MiB
2026/10/10 00:29:27.187, P0, 65 %, 1354 MHz, 3505 MHz, 45, 73.98 W, 535 MiB
2026/10/10 00:29:27.406, P0, 69 %, 1354 MHz, 3505 MHz, 45, 75.61 W, 528 MiB
2026/10/10 00:29:27.625, P0, 64 %, 1354 MHz, 3505 MHz, 45, 73.53 W, 528 MiB
2026/10/10 00:29:27.843, P0, 63 %, 1354 MHz, 3505 MHz, 45, 66.58 W, 535 MiB
2026/10/10 00:29:28.050, P0, 65 %, 1354 MHz, 3505 MHz, 45, 69.83 W, 535 MiB
2026/10/10 00:29:28.266, P0, 65 %, 1354 MHz, 3505 MHz, 45, 68.77 W, 535 MiB
2026/10/10 00:29:28.484, P0, 66 %, 1354 MHz, 3505 MHz, 45, 69.36 W, 535 MiB
2026/10/10 00:29:28.702, P0, 66 %, 1354 MHz, 3505 MHz, 45, 38.18 W, 398 MiB
2026/10/10 00:29:28.921, P0, 8 %, 1354 MHz, 3505 MHz, 41, 35.96 W, 403 MiB
2026/10/10 00:29:29.140, P0, 3 %, 1354 MHz, 3505 MHz, 41, 35.11 W, 398 MiB
2026/10/10 00:29:29.358, P0, 1 %, 1354 MHz, 3505 MHz, 41, 34.92 W, 426 MiB
2026/10/10 00:29:29.577, P0, 1 %, 1354 MHz, 3505 MHz, 39, 34.72 W, 426 MiB
2026/10/10 00:29:29.795, P0, 0 %, 1354 MHz, 3505 MHz, 39, 34.72 W, 426 MiB
2026/10/10 00:29:30.017, P0, 0 %, 1354 MHz, 3505 MHz, 39, 34.72 W, 426 MiB
2026/10/10 00:29:30.234, P0, 0 %, 1354 MHz, 3505 MHz, 39, 34.62 W, 426 MiB
2026/10/10 00:29:30.453, P0, 0 %, 1354 MHz, 3505 MHz, 39, 34.72 W, 426 MiB
2026/10/10 00:29:30.671, P0, 0 %, 1354 MHz, 3505 MHz, 39, 34.63 W, 426 MiB
2026/10/10 00:29:30.881, P0, 0 %, 1354 MHz, 3505 MHz, 38, 34.72 W, 433 MiB
2026/10/10 00:29:31.098, P0, 1 %, 1354 MHz, 3505 MHz, 38, 61.90 W, 535 MiB
2026/10/10 00:29:31.312, P0, 70 %, 1354 MHz, 3505 MHz, 38, 77.83 W, 528 MiB
2026/10/10 00:29:31.530, P0, 69 %, 1354 MHz, 3505 MHz, 44, 76.68 W, 528 MiB
2026/10/10 00:29:31.750, P0, 69 %, 1354 MHz, 3505 MHz, 44, 72.59 W, 519 MiB
2026/10/10 00:29:31.968, P0, 65 %, 1354 MHz, 3505 MHz, 44, 73.36 W, 519 MiB
2026/10/10 00:29:32.186, P0, 66 %, 1354 MHz, 3505 MHz, 45, 71.84 W, 519 MiB
2026/10/10 00:29:32.407, P0, 66 %, 1354 MHz, 3505 MHz, 45, 73.16 W, 528 MiB
2026/10/10 00:29:32.625, P0, 66 %, 1354 MHz, 3505 MHz, 45, 73.65 W, 528 MiB
2026/10/10 00:29:32.842, P0, 64 %, 1354 MHz, 3505 MHz, 46, 71.84 W, 528 MiB
2026/10/10 00:29:33.051, P0, 63 %, 1354 MHz, 3505 MHz, 46, 67.84 W, 535 MiB
2026/10/10 00:29:33.281, P0, 65 %, 1354 MHz, 3505 MHz, 46, 74.13 W, 528 MiB
2026/10/10 00:29:33.500, P0, 65 %, 1354 MHz, 3505 MHz, 46, 69.73 W, 535 MiB
2026/10/10 00:29:33.718, P0, 70 %, 1354 MHz, 3505 MHz, 46, 73.16 W, 519 MiB
2026/10/10 00:29:33.937, P0, 69 %, 1354 MHz, 3505 MHz, 46, 76.31 W, 528 MiB
2026/10/10 00:29:34.148, P0, 69 %, 1354 MHz, 3505 MHz, 46, 71.64 W, 528 MiB
2026/10/10 00:29:34.370, P0, 64 %, 1354 MHz, 3505 MHz, 46, 69.45 W, 535 MiB
2026/10/10 00:29:34.578, P0, 68 %, 1354 MHz, 3505 MHz, 46, 72.90 W, 528 MiB
2026/10/10 00:29:34.796, P0, 64 %, 1354 MHz, 3505 MHz, 46, 72.31 W, 535 MiB
2026/10/10 00:29:35.031, P0, 65 %, 1354 MHz, 3505 MHz, 46, 67.33 W, 535 MiB
2026/10/10 00:29:35.249, P0, 66 %, 1354 MHz, 3505 MHz, 46, 68.96 W, 535 MiB
2026/10/10 00:29:35.469, P0, 65 %, 1354 MHz, 3505 MHz, 46, 70.76 W, 535 MiB
2026/10/10 00:29:35.687, P0, 66 %, 1354 MHz, 3505 MHz, 46, 73.64 W, 528 MiB
2026/10/10 00:29:35.905, P0, 66 %, 1354 MHz, 3505 MHz, 46, 74.20 W, 528 MiB
2026/10/10 00:29:36.124, P0, 65 %, 1354 MHz, 3505 MHz, 46, 74.96 W, 528 MiB
2026/10/10 00:29:36.344, P0, 65 %, 1354 MHz, 3505 MHz, 46, 75.03 W, 528 MiB
2026/10/10 00:29:36.561, P0, 65 %, 1354 MHz, 3505 MHz, 47, 70.21 W, 519 MiB
2026/10/10 00:29:36.781, P0, 64 %, 1354 MHz, 3505 MHz, 47, 70.02 W, 535 MiB
2026/10/10 00:29:37.000, P0, 69 %, 1354 MHz, 3505 MHz, 47, 59.05 W, 414 MiB
2026/10/10 00:29:37.219, P0, 18 %, 1354 MHz, 3505 MHz, 42, 36.26 W, 406 MiB
2026/10/10 00:29:37.438, P0, 3 %, 1354 MHz, 3505 MHz, 42, 36.06 W, 398 MiB
2026/10/10 00:29:37.655, P0, 0 %, 1354 MHz, 3505 MHz, 42, 35.01 W, 405 MiB
2026/10/10 00:29:37.874, P0, 2 %, 1354 MHz, 3505 MHz, 40, 35.01 W, 426 MiB
2026/10/10 00:29:38.085, P0, 0 %, 1354 MHz, 3505 MHz, 40, 35.01 W, 426 MiB
2026/10/10 00:29:38.296, P0, 0 %, 1354 MHz, 3505 MHz, 40, 34.92 W, 426 MiB
2026/10/10 00:29:38.516, P0, 0 %, 1354 MHz, 3505 MHz, 40, 34.92 W, 426 MiB
2026/10/10 00:29:38.734, P0, 0 %, 1354 MHz, 3505 MHz, 40, 34.92 W, 426 MiB
2026/10/10 00:29:38.968, P0, 0 %, 1354 MHz, 3505 MHz, 40, 34.92 W, 426 MiB
2026/10/10 00:29:39.180, P0, 0 %, 1354 MHz, 3505 MHz, 40, 34.92 W, 433 MiB
2026/10/10 00:29:39.389, P0, 1 %, 1354 MHz, 3505 MHz, 40, 47.08 W, 524 MiB
2026/10/10 00:29:39.609, P0, 34 %, 1354 MHz, 3505 MHz, 44, 68.47 W, 535 MiB
2026/10/10 00:29:39.827, P0, 69 %, 1354 MHz, 3505 MHz, 44, 77.80 W, 528 MiB
2026/10/10 00:29:40.046, P0, 69 %, 1354 MHz, 3505 MHz, 44, 69.63 W, 535 MiB
2026/10/10 00:29:40.259, P0, 69 %, 1354 MHz, 3505 MHz, 46, 77.22 W, 528 MiB
2026/10/10 00:29:40.468, P0, 68 %, 1354 MHz, 3505 MHz, 46, 73.70 W, 535 MiB
2026/10/10 00:29:40.687, P0, 70 %, 1354 MHz, 3505 MHz, 46, 70.31 W, 535 MiB
2026/10/10 00:29:40.905, P0, 69 %, 1354 MHz, 3505 MHz, 47, 72.58 W, 519 MiB
2026/10/10 00:29:41.117, P0, 68 %, 1354 MHz, 3505 MHz, 47, 73.74 W, 519 MiB
2026/10/10 00:29:41.329, P0, 68 %, 1354 MHz, 3505 MHz, 47, 72.69 W, 519 MiB
2026/10/10 00:29:41.547, P0, 67 %, 1354 MHz, 3505 MHz, 47, 68.18 W, 535 MiB
2026/10/10 00:29:41.765, P0, 66 %, 1354 MHz, 3505 MHz, 47, 68.38 W, 535 MiB
2026/10/10 00:29:41.984, P0, 67 %, 1354 MHz, 3505 MHz, 47, 68.48 W, 535 MiB
2026/10/10 00:29:42.198, P0, 66 %, 1354 MHz, 3505 MHz, 47, 68.57 W, 519 MiB
2026/10/10 00:29:42.421, P0, 64 %, 1354 MHz, 3505 MHz, 47, 69.25 W, 519 MiB
2026/10/10 00:29:42.640, P0, 66 %, 1354 MHz, 3505 MHz, 47, 73.14 W, 519 MiB
2026/10/10 00:29:42.859, P0, 70 %, 1354 MHz, 3505 MHz, 48, 74.27 W, 535 MiB
2026/10/10 00:29:43.077, P0, 67 %, 1354 MHz, 3505 MHz, 48, 72.58 W, 519 MiB
2026/10/10 00:29:43.290, P0, 69 %, 1354 MHz, 3505 MHz, 48, 69.92 W, 535 MiB
2026/10/10 00:29:43.500, P0, 68 %, 1354 MHz, 3505 MHz, 48, 73.41 W, 535 MiB
2026/10/10 00:29:43.719, P0, 70 %, 1354 MHz, 3505 MHz, 48, 75.36 W, 528 MiB
2026/10/10 00:29:43.937, P0, 66 %, 1354 MHz, 3505 MHz, 48, 73.17 W, 535 MiB
2026/10/10 00:29:44.152, P0, 66 %, 1354 MHz, 3505 MHz, 47, 72.88 W, 535 MiB
2026/10/10 00:29:44.360, P0, 65 %, 1354 MHz, 3505 MHz, 47, 75.70 W, 528 MiB
2026/10/10 00:29:44.578, P0, 64 %, 1354 MHz, 3505 MHz, 47, 71.82 W, 535 MiB
2026/10/10 00:29:44.797, P0, 66 %, 1354 MHz, 3505 MHz, 47, 68.38 W, 535 MiB
2026/10/10 00:29:45.016, P0, 66 %, 1354 MHz, 3505 MHz, 47, 67.90 W, 535 MiB
2026/10/10 00:29:45.229, P0, 67 %, 1354 MHz, 3505 MHz, 47, 73.14 W, 535 MiB
2026/10/10 00:29:45.437, P0, 69 %, 1354 MHz, 3505 MHz, 44, 37.22 W, 398 MiB
2026/10/10 00:29:45.671, P0, 2 %, 1354 MHz, 3505 MHz, 44, 36.25 W, 398 MiB
2026/10/10 00:29:45.889, P0, 3 %, 1354 MHz, 3505 MHz, 44, 35.78 W, 398 MiB
2026/10/10 00:29:46.109, P0, 1 %, 1354 MHz, 3505 MHz, 41, 35.20 W, 426 MiB
2026/10/10 00:29:46.328, P0, 0 %, 1354 MHz, 3505 MHz, 41, 35.11 W, 426 MiB
2026/10/10 00:29:46.546, P0, 0 %, 1354 MHz, 3505 MHz, 41, 35.11 W, 426 MiB
2026/10/10 00:29:46.765, P0, 0 %, 1354 MHz, 3505 MHz, 41, 35.20 W, 426 MiB
2026/10/10 00:29:46.984, P0, 0 %, 1354 MHz, 3505 MHz, 41, 35.11 W, 426 MiB
2026/10/10 00:29:47.198, P0, 0 %, 1354 MHz, 3505 MHz, 41, 35.12 W, 426 MiB
2026/10/10 00:29:47.406, P0, 0 %, 1354 MHz, 3505 MHz, 41, 35.01 W, 426 MiB
2026/10/10 00:29:47.625, P0, 0 %, 1354 MHz, 3505 MHz, 41, 35.01 W, 435 MiB
2026/10/10 00:29:47.844, P0, 42 %, 1354 MHz, 3505 MHz, 41, 74.85 W, 528 MiB
2026/10/10 00:29:48.062, P0, 67 %, 1354 MHz, 3505 MHz, 46, 69.25 W, 519 MiB
2026/10/10 00:29:48.278, P0, 66 %, 1354 MHz, 3505 MHz, 46, 75.15 W, 528 MiB
2026/10/10 00:29:48.484, P0, 66 %, 1354 MHz, 3505 MHz, 46, 68.57 W, 535 MiB
2026/10/10 00:29:48.704, P0, 67 %, 1354 MHz, 3505 MHz, 48, 77.32 W, 528 MiB
2026/10/10 00:29:48.921, P0, 67 %, 1354 MHz, 3505 MHz, 48, 74.08 W, 528 MiB
2026/10/10 00:29:49.140, P0, 66 %, 1354 MHz, 3505 MHz, 48, 76.67 W, 528 MiB
2026/10/10 00:29:49.359, P0, 66 %, 1354 MHz, 3505 MHz, 48, 75.64 W, 528 MiB
2026/10/10 00:29:49.578, P0, 65 %, 1354 MHz, 3505 MHz, 48, 74.23 W, 519 MiB
2026/10/10 00:29:49.796, P0, 69 %, 1354 MHz, 3505 MHz, 48, 70.96 W, 519 MiB
2026/10/10 00:29:50.015, P0, 65 %, 1354 MHz, 3505 MHz, 48, 67.90 W, 519 MiB
2026/10/10 00:29:50.232, P0, 64 %, 1354 MHz, 3505 MHz, 48, 67.62 W, 535 MiB
2026/10/10 00:29:50.450, P0, 67 %, 1354 MHz, 3505 MHz, 48, 73.16 W, 519 MiB
2026/10/10 00:29:50.671, P0, 66 %, 1354 MHz, 3505 MHz, 49, 68.28 W, 535 MiB
2026/10/10 00:29:50.890, P0, 68 %, 1354 MHz, 3505 MHz, 49, 76.19 W, 528 MiB
2026/10/10 00:29:51.109, P0, 68 %, 1354 MHz, 3505 MHz, 49, 64.38 W, 535 MiB
2026/10/10 00:29:51.328, P0, 56 %, 1354 MHz, 3505 MHz, 48, 70.45 W, 528 MiB
2026/10/10 00:29:51.561, P0, 66 %, 1354 MHz, 3505 MHz, 48, 73.98 W, 535 MiB
2026/10/10 00:29:51.780, P0, 69 %, 1354 MHz, 3505 MHz, 49, 70.67 W, 535 MiB
2026/10/10 00:29:52.000, P0, 68 %, 1354 MHz, 3505 MHz, 49, 73.33 W, 519 MiB
2026/10/10 00:29:52.215, P0, 67 %, 1354 MHz, 3505 MHz, 49, 73.98 W, 535 MiB
2026/10/10 00:29:52.436, P0, 68 %, 1354 MHz, 3505 MHz, 49, 70.31 W, 519 MiB
2026/10/10 00:29:52.656, P0, 67 %, 1354 MHz, 3505 MHz, 49, 76.86 W, 528 MiB
2026/10/10 00:29:52.874, P0, 68 %, 1354 MHz, 3505 MHz, 49, 71.91 W, 535 MiB
2026/10/10 00:29:53.093, P0, 70 %, 1354 MHz, 3505 MHz, 50, 76.77 W, 528 MiB
2026/10/10 00:29:53.311, P0, 67 %, 1354 MHz, 3505 MHz, 50, 73.24 W, 535 MiB
2026/10/10 00:29:53.531, P0, 65 %, 1354 MHz, 3505 MHz, 50, 70.02 W, 535 MiB
2026/10/10 00:29:53.749, P0, 66 %, 1354 MHz, 3505 MHz, 48, 47.57 W, 418 MiB
2026/10/10 00:29:53.969, P0, 21 %, 1354 MHz, 3505 MHz, 48, 36.84 W, 403 MiB
2026/10/10 00:29:54.185, P0, 3 %, 1354 MHz, 3505 MHz, 48, 36.36 W, 398 MiB
2026/10/10 00:29:54.405, P0, 1 %, 1354 MHz, 3505 MHz, 43, 35.30 W, 405 MiB
2026/10/10 00:29:54.624, P0, 2 %, 1354 MHz, 3505 MHz, 43, 35.30 W, 426 MiB
2026/10/10 00:29:54.832, P0, 0 %, 1354 MHz, 3505 MHz, 43, 35.30 W, 426 MiB
2026/10/10 00:29:55.046, P0, 0 %, 1354 MHz, 3505 MHz, 42, 35.20 W, 426 MiB
2026/10/10 00:29:55.266, P0, 0 %, 1354 MHz, 3505 MHz, 42, 35.21 W, 426 MiB
2026/10/10 00:29:55.500, P0, 0 %, 1354 MHz, 3505 MHz, 42, 35.21 W, 426 MiB
2026/10/10 00:29:55.719, P0, 0 %, 1354 MHz, 3505 MHz, 42, 35.11 W, 426 MiB
2026/10/10 00:29:55.936, P0, 0 %, 1354 MHz, 3505 MHz, 42, 35.20 W, 433 MiB
2026/10/10 00:29:56.155, P0, 1 %, 1354 MHz, 3505 MHz, 43, 56.75 W, 524 MiB
2026/10/10 00:29:56.375, P0, 67 %, 1354 MHz, 3505 MHz, 43, 67.53 W, 535 MiB
2026/10/10 00:29:56.593, P0, 66 %, 1354 MHz, 3505 MHz, 43, 71.73 W, 535 MiB
2026/10/10 00:29:56.811, P0, 68 %, 1354 MHz, 3505 MHz, 49, 70.78 W, 519 MiB
2026/10/10 00:29:57.031, P0, 67 %, 1354 MHz, 3505 MHz, 49, 68.18 W, 535 MiB
2026/10/10 00:29:57.250, P0, 65 %, 1354 MHz, 3505 MHz, 49, 69.05 W, 535 MiB
2026/10/10 00:29:57.468, P0, 68 %, 1354 MHz, 3505 MHz, 48, 71.93 W, 535 MiB
2026/10/10 00:29:57.687, P0, 64 %, 1354 MHz, 3505 MHz, 48, 68.38 W, 535 MiB
2026/10/10 00:29:57.906, P0, 67 %, 1354 MHz, 3505 MHz, 48, 65.82 W, 535 MiB
2026/10/10 00:29:58.124, P0, 63 %, 1354 MHz, 3505 MHz, 49, 78.19 W, 528 MiB
2026/10/10 00:29:58.343, P0, 68 %, 1354 MHz, 3505 MHz, 49, 74.88 W, 528 MiB
2026/10/10 00:29:58.562, P0, 66 %, 1354 MHz, 3505 MHz, 49, 74.28 W, 519 MiB
2026/10/10 00:29:58.782, P0, 66 %, 1354 MHz, 3505 MHz, 49, 69.35 W, 535 MiB
2026/10/10 00:29:59.000, P0, 67 %, 1354 MHz, 3505 MHz, 49, 68.08 W, 535 MiB
2026/10/10 00:29:59.217, P0, 67 %, 1354 MHz, 3505 MHz, 49, 70.68 W, 535 MiB
2026/10/10 00:29:59.436, P0, 66 %, 1354 MHz, 3505 MHz, 50, 78.19 W, 528 MiB
2026/10/10 00:29:59.656, P0, 68 %, 1354 MHz, 3505 MHz, 50, 76.48 W, 528 MiB
2026/10/10 00:29:59.875, P0, 66 %, 1354 MHz, 3505 MHz, 50, 75.82 W, 528 MiB
2026/10/10 00:30:00.093, P0, 65 %, 1354 MHz, 3505 MHz, 49, 75.25 W, 528 MiB
2026/10/10 00:30:00.312, P0, 66 %, 1354 MHz, 3505 MHz, 49, 78.38 W, 528 MiB
2026/10/10 00:30:00.531, P0, 68 %, 1354 MHz, 3505 MHz, 49, 70.38 W, 535 MiB
2026/10/10 00:30:00.751, P0, 69 %, 1354 MHz, 3505 MHz, 50, 73.65 W, 519 MiB
2026/10/10 00:30:00.968, P0, 68 %, 1354 MHz, 3505 MHz, 50, 71.14 W, 535 MiB
2026/10/10 00:30:01.187, P0, 64 %, 1354 MHz, 3505 MHz, 50, 72.30 W, 535 MiB
2026/10/10 00:30:01.406, P0, 67 %, 1354 MHz, 3505 MHz, 50, 71.08 W, 535 MiB
2026/10/10 00:30:01.626, P0, 68 %, 1354 MHz, 3505 MHz, 50, 74.93 W, 519 MiB
2026/10/10 00:30:01.843, P0, 69 %, 1354 MHz, 3505 MHz, 50, 70.31 W, 535 MiB
2026/10/10 00:30:02.062, P0, 68 %, 1354 MHz, 3505 MHz, 50, 71.26 W, 419 MiB
2026/10/10 00:30:02.280, P0, 20 %, 1354 MHz, 3505 MHz, 50, 36.35 W, 398 MiB
2026/10/10 00:30:02.500, P0, 2 %, 1354 MHz, 3505 MHz, 50, 35.49 W, 389 MiB
2026/10/10 00:30:02.718, P0, 0 %, 1354 MHz, 3505 MHz, 43, 35.21 W, 389 MiB
2026/10/10 00:30:02.937, P0, 0 %, 1354 MHz, 3505 MHz, 43, 36.27 W, 398 MiB
2026/10/10 00:30:03.155, P0, 3 %, 1354 MHz, 3505 MHz, 43, 35.68 W, 400 MiB
2026/10/10 00:30:03.373, P0, 1 %, 1354 MHz, 3505 MHz, 43, 35.29 W, 412 MiB
2026/10/10 00:30:03.591, P0, 1 %, 1354 MHz, 3505 MHz, 43, 50.55 W, 443 MiB
2026/10/10 00:30:03.797, P0, 29 %, 1354 MHz, 3505 MHz, 43, 55.31 W, 425 MiB
2026/10/10 00:30:04.006, P0, 34 %, 1354 MHz, 3505 MHz, 46, 48.81 W, 438 MiB
2026/10/10 00:30:04.228, P0, 28 %, 1354 MHz, 3505 MHz, 46, 57.22 W, 438 MiB
2026/10/10 00:30:04.435, P0, 32 %, 1354 MHz, 3505 MHz, 46, 52.36 W, 438 MiB
2026/10/10 00:30:04.643, P0, 30 %, 1354 MHz, 3505 MHz, 46, 55.11 W, 438 MiB
2026/10/10 00:30:04.865, P0, 37 %, 1177 MHz, 3505 MHz, 46, 40.19 W, 425 MiB
2026/10/10 00:30:05.073, P0, 35 %, 1177 MHz, 3505 MHz, 46, 41.24 W, 425 MiB
2026/10/10 00:30:05.296, P0, 36 %, 1177 MHz, 3505 MHz, 44, 41.63 W, 438 MiB
2026/10/10 00:30:05.517, P0, 37 %, 1177 MHz, 3505 MHz, 44, 40.00 W, 427 MiB
2026/10/10 00:30:05.725, P0, 35 %, 1177 MHz, 3505 MHz, 44, 41.83 W, 429 MiB
2026/10/10 00:30:05.945, P0, 38 %, 1177 MHz, 3505 MHz, 44, 37.78 W, 431 MiB
2026/10/10 00:30:06.168, P0, 32 %, 1177 MHz, 3505 MHz, 44, 40.10 W, 426 MiB
2026/10/10 00:30:06.389, P0, 35 %, 1177 MHz, 3505 MHz, 44, 42.59 W, 437 MiB
2026/10/10 00:30:06.609, P0, 38 %, 1177 MHz, 3505 MHz, 43, 38.93 W, 438 MiB
2026/10/10 00:30:06.817, P0, 36 %, 1177 MHz, 3505 MHz, 43, 39.51 W, 438 MiB
2026/10/10 00:30:07.024, P0, 37 %, 1177 MHz, 3505 MHz, 43, 39.90 W, 438 MiB
2026/10/10 00:30:07.231, P0, 38 %, 1177 MHz, 3505 MHz, 43, 39.43 W, 431 MiB
2026/10/10 00:30:07.453, P2, 38 %, 949 MHz, 3004 MHz, 43, 37.61 W, 426 MiB
2026/10/10 00:30:07.673, P2, 43 %, 949 MHz, 3004 MHz, 43, 39.15 W, 438 MiB
2026/10/10 00:30:07.881, P2, 44 %, 949 MHz, 3004 MHz, 43, 38.85 W, 438 MiB
2026/10/10 00:30:08.101, P2, 40 %, 949 MHz, 3004 MHz, 43, 37.80 W, 437 MiB
2026/10/10 00:30:08.308, P2, 42 %, 949 MHz, 3004 MHz, 43, 35.49 W, 438 MiB
2026/10/10 00:30:08.528, P2, 45 %, 949 MHz, 3004 MHz, 43, 37.79 W, 438 MiB
2026/10/10 00:30:08.751, P2, 43 %, 949 MHz, 3004 MHz, 43, 37.41 W, 438 MiB
2026/10/10 00:30:08.971, P2, 45 %, 949 MHz, 3004 MHz, 43, 35.98 W, 431 MiB
2026/10/10 00:30:09.192, P2, 41 %, 949 MHz, 3004 MHz, 43, 36.37 W, 429 MiB
2026/10/10 00:30:09.414, P2, 41 %, 949 MHz, 3004 MHz, 43, 38.46 W, 436 MiB
2026/10/10 00:30:09.624, P2, 14 %, 949 MHz, 3004 MHz, 43, 26.08 W, 398 MiB
2026/10/10 00:30:09.844, P2, 3 %, 949 MHz, 3004 MHz, 41, 26.08 W, 398 MiB
2026/10/10 00:30:10.062, P0, 2 %, 1177 MHz, 3505 MHz, 41, 27.13 W, 400 MiB
2026/10/10 00:30:10.270, P0, 1 %, 1177 MHz, 3505 MHz, 41, 27.41 W, 412 MiB
2026/10/10 00:30:10.478, P0, 1 %, 1177 MHz, 3505 MHz, 41, 36.84 W, 429 MiB
2026/10/10 00:30:10.699, P0, 24 %, 1177 MHz, 3505 MHz, 41, 43.25 W, 438 MiB
2026/10/10 00:30:10.920, P0, 39 %, 1177 MHz, 3505 MHz, 41, 39.71 W, 431 MiB
2026/10/10 00:30:11.140, P0, 37 %, 1177 MHz, 3505 MHz, 43, 42.58 W, 437 MiB
2026/10/10 00:30:11.348, P0, 37 %, 1177 MHz, 3505 MHz, 43, 41.05 W, 425 MiB
2026/10/10 00:30:11.556, P0, 38 %, 1177 MHz, 3505 MHz, 43, 39.81 W, 431 MiB
2026/10/10 00:30:11.764, P0, 35 %, 1177 MHz, 3505 MHz, 43, 38.76 W, 438 MiB
2026/10/10 00:30:11.972, P0, 35 %, 1177 MHz, 3505 MHz, 43, 39.43 W, 438 MiB
2026/10/10 00:30:12.179, P0, 38 %, 1177 MHz, 3505 MHz, 43, 41.04 W, 438 MiB
2026/10/10 00:30:12.387, P0, 35 %, 1177 MHz, 3505 MHz, 43, 37.78 W, 427 MiB
2026/10/10 00:30:12.607, P2, 30 %, 949 MHz, 3004 MHz, 43, 37.14 W, 438 MiB
2026/10/10 00:30:12.814, P2, 43 %, 949 MHz, 3004 MHz, 43, 37.32 W, 431 MiB
2026/10/10 00:30:13.034, P2, 42 %, 949 MHz, 3004 MHz, 43, 36.65 W, 431 MiB
2026/10/10 00:30:13.257, P2, 43 %, 949 MHz, 3004 MHz, 43, 39.04 W, 425 MiB
2026/10/10 00:30:13.464, P2, 46 %, 949 MHz, 3004 MHz, 43, 39.91 W, 438 MiB
2026/10/10 00:30:13.670, P2, 46 %, 949 MHz, 3004 MHz, 43, 36.75 W, 431 MiB
2026/10/10 00:30:13.878, P2, 45 %, 949 MHz, 3004 MHz, 43, 39.04 W, 438 MiB
2026/10/10 00:30:14.099, P2, 46 %, 949 MHz, 3004 MHz, 43, 38.18 W, 427 MiB
2026/10/10 00:30:14.306, P2, 46 %, 949 MHz, 3004 MHz, 43, 36.27 W, 431 MiB
2026/10/10 00:30:14.526, P2, 42 %, 949 MHz, 3004 MHz, 43, 36.44 W, 438 MiB
2026/10/10 00:30:14.734, P2, 45 %, 949 MHz, 3004 MHz, 43, 39.63 W, 438 MiB
2026/10/10 00:30:14.940, P2, 45 %, 949 MHz, 3004 MHz, 43, 38.65 W, 437 MiB
2026/10/10 00:30:15.162, P2, 42 %, 949 MHz, 3004 MHz, 43, 38.28 W, 438 MiB
2026/10/10 00:30:15.368, P5, 44 %, 873 MHz, 810 MHz, 43, 25.74 W, 438 MiB
2026/10/10 00:30:15.576, P5, 54 %, 873 MHz, 810 MHz, 42, 26.99 W, 425 MiB
2026/10/10 00:30:15.798, P5, 54 %, 873 MHz, 810 MHz, 42, 27.57 W, 438 MiB
2026/10/10 00:30:16.004, P5, 58 %, 873 MHz, 810 MHz, 42, 28.34 W, 425 MiB
2026/10/10 00:30:16.224, P5, 49 %, 873 MHz, 810 MHz, 42, 23.25 W, 395 MiB
2026/10/10 00:30:16.437, P5, 8 %, 873 MHz, 810 MHz, 42, 18.41 W, 398 MiB
2026/10/10 00:30:16.657, P5, 7 %, 873 MHz, 810 MHz, 42, 18.41 W, 398 MiB
2026/10/10 00:30:16.874, P0, 8 %, 1177 MHz, 3505 MHz, 40, 24.55 W, 400 MiB
2026/10/10 00:30:17.093, P0, 1 %, 1177 MHz, 3505 MHz, 40, 27.41 W, 412 MiB
2026/10/10 00:30:17.299, P0, 0 %, 1177 MHz, 3505 MHz, 40, 32.02 W, 431 MiB
2026/10/10 00:30:17.521, P0, 28 %, 1177 MHz, 3505 MHz, 42, 37.78 W, 427 MiB
2026/10/10 00:30:17.743, P0, 38 %, 1177 MHz, 3505 MHz, 42, 38.18 W, 431 MiB
2026/10/10 00:30:17.951, P0, 38 %, 1177 MHz, 3505 MHz, 42, 42.59 W, 438 MiB
2026/10/10 00:30:18.159, P0, 35 %, 1177 MHz, 3505 MHz, 43, 41.44 W, 429 MiB
2026/10/10 00:30:18.367, P0, 38 %, 1177 MHz, 3505 MHz, 43, 41.92 W, 438 MiB
2026/10/10 00:30:18.575, P0, 40 %, 1177 MHz, 3505 MHz, 43, 43.91 W, 438 MiB
2026/10/10 00:30:18.812, P0, 33 %, 1177 MHz, 3505 MHz, 42, 35.76 W, 429 MiB
2026/10/10 00:30:19.044, P0, 21 %, 1177 MHz, 3505 MHz, 42, 37.30 W, 436 MiB
2026/10/10 00:30:19.261, P0, 35 %, 1177 MHz, 3505 MHz, 42, 42.57 W, 438 MiB
2026/10/10 00:30:19.467, P2, 37 %, 949 MHz, 3004 MHz, 43, 36.65 W, 429 MiB
2026/10/10 00:30:19.684, P2, 38 %, 949 MHz, 3004 MHz, 43, 36.73 W, 425 MiB
2026/10/10 00:30:19.906, P2, 41 %, 949 MHz, 3004 MHz, 43, 38.38 W, 438 MiB
2026/10/10 00:30:20.114, P2, 38 %, 949 MHz, 3004 MHz, 42, 35.20 W, 429 MiB
2026/10/10 00:30:20.337, P2, 39 %, 949 MHz, 3004 MHz, 42, 34.35 W, 438 MiB
2026/10/10 00:30:20.558, P2, 41 %, 949 MHz, 3004 MHz, 42, 37.12 W, 438 MiB
2026/10/10 00:30:20.764, P2, 41 %, 949 MHz, 3004 MHz, 43, 39.05 W, 438 MiB
2026/10/10 00:30:20.984, P2, 37 %, 949 MHz, 3004 MHz, 43, 37.41 W, 438 MiB
2026/10/10 00:30:21.192, P2, 38 %, 949 MHz, 3004 MHz, 43, 35.78 W, 438 MiB
2026/10/10 00:30:21.399, P2, 39 %, 949 MHz, 3004 MHz, 42, 35.49 W, 425 MiB
2026/10/10 00:30:21.618, P2, 38 %, 949 MHz, 3004 MHz, 42, 36.55 W, 425 MiB
2026/10/10 00:30:21.825, P2, 38 %, 949 MHz, 3004 MHz, 42, 33.68 W, 438 MiB
2026/10/10 00:30:22.046, P2, 40 %, 949 MHz, 3004 MHz, 42, 35.31 W, 438 MiB
2026/10/10 00:30:22.266, P5, 40 %, 885 MHz, 810 MHz, 42, 25.26 W, 437 MiB
2026/10/10 00:30:22.474, P5, 43 %, 885 MHz, 810 MHz, 42, 25.74 W, 427 MiB
2026/10/10 00:30:22.695, P5, 45 %, 885 MHz, 810 MHz, 41, 25.26 W, 429 MiB
2026/10/10 00:30:22.914, P5, 41 %, 885 MHz, 810 MHz, 41, 26.89 W, 438 MiB
2026/10/10 00:30:23.122, P5, 53 %, 885 MHz, 810 MHz, 41, 24.87 W, 438 MiB
2026/10/10 00:30:23.328, P5, 44 %, 885 MHz, 810 MHz, 41, 27.09 W, 437 MiB
2026/10/10 00:30:23.550, P5, 47 %, 885 MHz, 810 MHz, 41, 26.61 W, 438 MiB
2026/10/10 00:30:23.759, P5, 44 %, 885 MHz, 810 MHz, 41, 25.74 W, 411 MiB
2026/10/10 00:30:23.969, P5, 8 %, 885 MHz, 810 MHz, 40, 18.51 W, 398 MiB
2026/10/10 00:30:24.186, P5, 9 %, 885 MHz, 810 MHz, 40, 18.51 W, 398 MiB
2026/10/10 00:30:24.405, P0, 8 %, 1177 MHz, 3505 MHz, 40, 25.89 W, 412 MiB
2026/10/10 00:30:24.613, P0, 1 %, 1177 MHz, 3505 MHz, 39, 27.51 W, 412 MiB
2026/10/10 00:30:24.821, P0, 1 %, 1177 MHz, 3505 MHz, 39, 40.56 W, 535 MiB
2026/10/10 00:30:25.029, P0, 42 %, 1177 MHz, 3505 MHz, 39, 42.19 W, 472 MiB
2026/10/10 00:30:25.237, P0, 49 %, 1177 MHz, 3505 MHz, 42, 42.48 W, 504 MiB
2026/10/10 00:30:25.446, P0, 55 %, 1177 MHz, 3505 MHz, 42, 39.51 W, 512 MiB
2026/10/10 00:30:25.653, P0, 51 %, 1177 MHz, 3505 MHz, 42, 40.85 W, 530 MiB
2026/10/10 00:30:25.861, P0, 55 %, 1177 MHz, 3505 MHz, 43, 45.27 W, 472 MiB
2026/10/10 00:30:26.081, P0, 54 %, 1177 MHz, 3505 MHz, 43, 42.02 W, 512 MiB
2026/10/10 00:30:26.289, P0, 51 %, 1177 MHz, 3505 MHz, 43, 42.12 W, 519 MiB
2026/10/10 00:30:26.497, P0, 55 %, 1177 MHz, 3505 MHz, 43, 47.46 W, 514 MiB
2026/10/10 00:30:26.719, P0, 56 %, 1177 MHz, 3505 MHz, 43, 47.56 W, 491 MiB
2026/10/10 00:30:26.925, P0, 56 %, 1177 MHz, 3505 MHz, 43, 42.89 W, 512 MiB
2026/10/10 00:30:27.133, P0, 54 %, 1177 MHz, 3505 MHz, 44, 46.41 W, 514 MiB
2026/10/10 00:30:27.341, P0, 54 %, 1177 MHz, 3505 MHz, 44, 44.20 W, 530 MiB
2026/10/10 00:30:27.547, P0, 52 %, 1177 MHz, 3505 MHz, 44, 46.02 W, 488 MiB
2026/10/10 00:30:27.767, P0, 54 %, 1177 MHz, 3505 MHz, 43, 46.12 W, 483 MiB
2026/10/10 00:30:27.975, P0, 52 %, 1177 MHz, 3505 MHz, 43, 47.18 W, 476 MiB
2026/10/10 00:30:28.194, P0, 55 %, 1177 MHz, 3505 MHz, 43, 43.35 W, 504 MiB
2026/10/10 00:30:28.401, P0, 50 %, 1177 MHz, 3505 MHz, 44, 40.94 W, 530 MiB
2026/10/10 00:30:28.623, P0, 57 %, 1177 MHz, 3505 MHz, 44, 40.38 W, 530 MiB
2026/10/10 00:30:28.843, P0, 52 %, 1177 MHz, 3505 MHz, 44, 42.20 W, 512 MiB
2026/10/10 00:30:29.049, P0, 54 %, 1177 MHz, 3505 MHz, 43, 44.49 W, 530 MiB
2026/10/10 00:30:29.257, P0, 56 %, 1177 MHz, 3505 MHz, 43, 45.37 W, 488 MiB
2026/10/10 00:30:29.463, P0, 55 %, 1177 MHz, 3505 MHz, 43, 40.85 W, 519 MiB
2026/10/10 00:30:29.671, P0, 53 %, 1177 MHz, 3505 MHz, 44, 43.15 W, 530 MiB
2026/10/10 00:30:29.893, P0, 56 %, 1177 MHz, 3505 MHz, 44, 41.82 W, 530 MiB
2026/10/10 00:30:30.112, P0, 54 %, 1177 MHz, 3505 MHz, 44, 45.17 W, 488 MiB
2026/10/10 00:30:30.320, P0, 53 %, 1177 MHz, 3505 MHz, 44, 41.63 W, 512 MiB
2026/10/10 00:30:30.528, P0, 52 %, 1177 MHz, 3505 MHz, 44, 43.25 W, 514 MiB
2026/10/10 00:30:30.734, P0, 49 %, 1177 MHz, 3505 MHz, 44, 45.45 W, 514 MiB
2026/10/10 00:30:30.942, P0, 50 %, 1177 MHz, 3505 MHz, 44, 45.65 W, 488 MiB
2026/10/10 00:30:31.150, P0, 53 %, 1177 MHz, 3505 MHz, 44, 44.78 W, 504 MiB
2026/10/10 00:30:31.357, P0, 55 %, 1177 MHz, 3505 MHz, 44, 42.47 W, 530 MiB
2026/10/10 00:30:31.578, P0, 56 %, 1177 MHz, 3505 MHz, 44, 46.80 W, 483 MiB
2026/10/10 00:30:31.801, P0, 58 %, 1177 MHz, 3505 MHz, 44, 44.30 W, 512 MiB
2026/10/10 00:30:32.008, P0, 56 %, 1177 MHz, 3505 MHz, 44, 45.26 W, 514 MiB
2026/10/10 00:30:32.229, P0, 56 %, 1177 MHz, 3505 MHz, 44, 45.55 W, 472 MiB
2026/10/10 00:30:32.453, P0, 56 %, 1177 MHz, 3505 MHz, 44, 45.17 W, 488 MiB
2026/10/10 00:30:32.660, P0, 53 %, 1177 MHz, 3505 MHz, 44, 41.83 W, 523 MiB
2026/10/10 00:30:32.867, P0, 53 %, 1177 MHz, 3505 MHz, 44, 40.75 W, 523 MiB
2026/10/10 00:30:33.090, P0, 55 %, 1177 MHz, 3505 MHz, 44, 41.34 W, 530 MiB
2026/10/10 00:30:33.311, P0, 56 %, 1177 MHz, 3505 MHz, 44, 40.85 W, 530 MiB
2026/10/10 00:30:33.517, P0, 56 %, 1177 MHz, 3505 MHz, 44, 45.55 W, 488 MiB
2026/10/10 00:30:33.739, P0, 56 %, 1177 MHz, 3505 MHz, 44, 45.55 W, 488 MiB
2026/10/10 00:30:33.945, P0, 55 %, 1177 MHz, 3505 MHz, 44, 28.09 W, 400 MiB
2026/10/10 00:30:34.155, P0, 3 %, 1177 MHz, 3505 MHz, 41, 28.19 W, 403 MiB
2026/10/10 00:30:34.374, P0, 3 %, 1177 MHz, 3505 MHz, 41, 27.80 W, 398 MiB
2026/10/10 00:30:34.595, P0, 1 %, 1177 MHz, 3505 MHz, 41, 27.51 W, 412 MiB
2026/10/10 00:30:34.801, P0, 1 %, 1177 MHz, 3505 MHz, 41, 27.51 W, 414 MiB
2026/10/10 00:30:35.009, P0, 33 %, 1177 MHz, 3505 MHz, 41, 42.11 W, 488 MiB
2026/10/10 00:30:35.217, P0, 48 %, 1177 MHz, 3505 MHz, 41, 44.98 W, 488 MiB
2026/10/10 00:30:35.424, P0, 53 %, 1177 MHz, 3505 MHz, 43, 45.84 W, 483 MiB
2026/10/10 00:30:35.644, P0, 49 %, 1177 MHz, 3505 MHz, 43, 41.43 W, 530 MiB
2026/10/10 00:30:35.852, P0, 51 %, 1177 MHz, 3505 MHz, 43, 42.37 W, 530 MiB
2026/10/10 00:30:36.060, P0, 53 %, 1177 MHz, 3505 MHz, 43, 40.75 W, 504 MiB
2026/10/10 00:30:36.268, P0, 48 %, 1177 MHz, 3505 MHz, 43, 43.16 W, 504 MiB
2026/10/10 00:30:36.475, P0, 53 %, 1177 MHz, 3505 MHz, 43, 43.44 W, 504 MiB
2026/10/10 00:30:36.682, P0, 51 %, 1177 MHz, 3505 MHz, 44, 44.10 W, 488 MiB
2026/10/10 00:30:36.904, P0, 50 %, 1177 MHz, 3505 MHz, 44, 40.56 W, 523 MiB
2026/10/10 00:30:37.112, P0, 53 %, 1177 MHz, 3505 MHz, 44, 45.17 W, 488 MiB
2026/10/10 00:30:37.319, P0, 52 %, 1177 MHz, 3505 MHz, 44, 43.91 W, 488 MiB
2026/10/10 00:30:37.541, P0, 52 %, 1088 MHz, 3505 MHz, 44, 40.28 W, 530 MiB
2026/10/10 00:30:37.760, P0, 56 %, 1088 MHz, 3505 MHz, 44, 42.96 W, 504 MiB
2026/10/10 00:30:37.965, P0, 56 %, 1088 MHz, 3505 MHz, 44, 45.16 W, 498 MiB
2026/10/10 00:30:38.181, P0, 54 %, 1088 MHz, 3505 MHz, 44, 44.49 W, 472 MiB
2026/10/10 00:30:38.387, P0, 51 %, 1088 MHz, 3505 MHz, 44, 41.91 W, 488 MiB
2026/10/10 00:30:38.595, P0, 53 %, 1088 MHz, 3505 MHz, 43, 40.95 W, 504 MiB
2026/10/10 00:30:38.819, P0, 56 %, 1088 MHz, 3505 MHz, 43, 40.74 W, 530 MiB
2026/10/10 00:30:39.027, P0, 59 %, 1088 MHz, 3505 MHz, 43, 43.62 W, 488 MiB
2026/10/10 00:30:39.233, P0, 56 %, 1088 MHz, 3505 MHz, 44, 41.34 W, 504 MiB
2026/10/10 00:30:39.441, P0, 58 %, 1088 MHz, 3505 MHz, 44, 45.17 W, 483 MiB
2026/10/10 00:30:39.649, P0, 56 %, 1088 MHz, 3505 MHz, 44, 44.78 W, 472 MiB
2026/10/10 00:30:39.855, P0, 57 %, 1088 MHz, 3505 MHz, 44, 43.15 W, 488 MiB
2026/10/10 00:30:40.075, P0, 56 %, 1088 MHz, 3505 MHz, 44, 40.85 W, 530 MiB
2026/10/10 00:30:40.295, P0, 57 %, 1088 MHz, 3505 MHz, 44, 40.47 W, 512 MiB
2026/10/10 00:30:40.503, P0, 57 %, 1088 MHz, 3505 MHz, 43, 38.76 W, 530 MiB
2026/10/10 00:30:40.727, P0, 58 %, 1088 MHz, 3505 MHz, 43, 41.15 W, 504 MiB
2026/10/10 00:30:40.935, P0, 54 %, 1088 MHz, 3505 MHz, 43, 40.95 W, 491 MiB
2026/10/10 00:30:41.143, P0, 52 %, 1088 MHz, 3505 MHz, 43, 41.34 W, 504 MiB
2026/10/10 00:30:41.366, P0, 59 %, 1088 MHz, 3505 MHz, 43, 42.87 W, 504 MiB
2026/10/10 00:30:41.572, P0, 55 %, 1088 MHz, 3505 MHz, 43, 43.08 W, 488 MiB
2026/10/10 00:30:41.793, P0, 57 %, 1088 MHz, 3505 MHz, 44, 40.29 W, 512 MiB
2026/10/10 00:30:42.013, P0, 55 %, 1088 MHz, 3505 MHz, 44, 43.63 W, 498 MiB
2026/10/10 00:30:42.219, P0, 54 %, 1088 MHz, 3505 MHz, 44, 39.04 W, 523 MiB
2026/10/10 00:30:42.437, P0, 56 %, 1088 MHz, 3505 MHz, 44, 42.37 W, 514 MiB
2026/10/10 00:30:42.656, P0, 56 %, 1088 MHz, 3505 MHz, 44, 43.08 W, 488 MiB
2026/10/10 00:30:42.876, P0, 56 %, 1088 MHz, 3505 MHz, 44, 44.69 W, 498 MiB
2026/10/10 00:30:43.083, P0, 59 %, 1088 MHz, 3505 MHz, 44, 44.20 W, 498 MiB
2026/10/10 00:30:43.305, P0, 46 %, 1088 MHz, 3505 MHz, 44, 37.59 W, 519 MiB
2026/10/10 00:30:43.511, P0, 49 %, 1088 MHz, 3505 MHz, 44, 36.35 W, 512 MiB
2026/10/10 00:30:43.732, P0, 48 %, 1088 MHz, 3505 MHz, 43, 39.90 W, 512 MiB
2026/10/10 00:30:43.955, P0, 54 %, 1088 MHz, 3505 MHz, 43, 43.81 W, 488 MiB
2026/10/10 00:30:44.161, P0, 53 %, 1088 MHz, 3505 MHz, 43, 40.38 W, 530 MiB
2026/10/10 00:30:44.367, P0, 44 %, 1088 MHz, 3505 MHz, 43, 40.56 W, 504 MiB
2026/10/10 00:30:44.584, P0, 25 %, 1088 MHz, 3505 MHz, 43, 27.31 W, 398 MiB
2026/10/10 00:30:44.797, P0, 3 %, 1088 MHz, 3505 MHz, 43, 27.31 W, 398 MiB
2026/10/10 00:30:45.016, P0, 2 %, 1088 MHz, 3505 MHz, 41, 26.93 W, 398 MiB
2026/10/10 00:30:45.226, P0, 2 %, 1177 MHz, 3505 MHz, 41, 27.60 W, 412 MiB
2026/10/10 00:30:45.435, P0, 1 %, 1177 MHz, 3505 MHz, 41, 27.51 W, 416 MiB
2026/10/10 00:30:45.642, P0, 11 %, 1177 MHz, 3505 MHz, 42, 45.17 W, 498 MiB
2026/10/10 00:30:45.850, P0, 47 %, 1177 MHz, 3505 MHz, 42, 39.22 W, 530 MiB
2026/10/10 00:30:46.058, P0, 47 %, 1177 MHz, 3505 MHz, 42, 40.19 W, 523 MiB
2026/10/10 00:30:46.266, P0, 52 %, 1177 MHz, 3505 MHz, 43, 39.33 W, 523 MiB
2026/10/10 00:30:46.474, P0, 50 %, 1177 MHz, 3505 MHz, 43, 41.73 W, 512 MiB
2026/10/10 00:30:46.682, P0, 48 %, 1177 MHz, 3505 MHz, 43, 42.57 W, 530 MiB
2026/10/10 00:30:46.888, P0, 49 %, 1177 MHz, 3505 MHz, 43, 41.05 W, 504 MiB
2026/10/10 00:30:47.096, P0, 49 %, 1177 MHz, 3505 MHz, 43, 45.92 W, 498 MiB
2026/10/10 00:30:47.302, P0, 50 %, 1177 MHz, 3505 MHz, 43, 38.93 W, 530 MiB
2026/10/10 00:30:47.510, P0, 46 %, 1177 MHz, 3505 MHz, 43, 38.07 W, 530 MiB
2026/10/10 00:30:47.732, P0, 43 %, 1088 MHz, 3505 MHz, 43, 43.15 W, 476 MiB
2026/10/10 00:30:47.952, P0, 49 %, 1088 MHz, 3505 MHz, 43, 42.37 W, 472 MiB
2026/10/10 00:30:48.158, P0, 46 %, 1088 MHz, 3505 MHz, 43, 43.45 W, 530 MiB
2026/10/10 00:30:48.366, P0, 45 %, 1088 MHz, 3505 MHz, 43, 37.20 W, 530 MiB
2026/10/10 00:30:48.572, P0, 52 %, 1088 MHz, 3505 MHz, 43, 42.77 W, 530 MiB
2026/10/10 00:30:48.792, P0, 50 %, 1088 MHz, 3505 MHz, 43, 44.98 W, 498 MiB
2026/10/10 00:30:49.014, P0, 47 %, 1088 MHz, 3505 MHz, 43, 40.46 W, 504 MiB
2026/10/10 00:30:49.236, P0, 57 %, 1088 MHz, 3505 MHz, 43, 44.30 W, 488 MiB
2026/10/10 00:30:49.444, P0, 56 %, 1088 MHz, 3505 MHz, 44, 42.31 W, 488 MiB
2026/10/10 00:30:49.666, P0, 55 %, 1088 MHz, 3505 MHz, 44, 39.42 W, 530 MiB
2026/10/10 00:30:49.874, P0, 59 %, 1088 MHz, 3505 MHz, 44, 41.72 W, 530 MiB
2026/10/10 00:30:50.094, P0, 58 %, 1088 MHz, 3505 MHz, 44, 40.46 W, 530 MiB
2026/10/10 00:30:50.314, P0, 59 %, 1088 MHz, 3505 MHz, 44, 41.34 W, 504 MiB
2026/10/10 00:30:50.522, P0, 56 %, 1088 MHz, 3505 MHz, 44, 40.28 W, 519 MiB
2026/10/10 00:30:50.742, P0, 57 %, 1088 MHz, 3505 MHz, 44, 42.87 W, 488 MiB
2026/10/10 00:30:50.950, P0, 58 %, 1088 MHz, 3505 MHz, 44, 40.95 W, 504 MiB
2026/10/10 00:30:51.156, P0, 56 %, 1088 MHz, 3505 MHz, 44, 42.60 W, 476 MiB
2026/10/10 00:30:51.374, P0, 52 %, 1088 MHz, 3505 MHz, 43, 40.75 W, 530 MiB
2026/10/10 00:30:51.594, P0, 58 %, 1088 MHz, 3505 MHz, 43, 39.61 W, 488 MiB
2026/10/10 00:30:51.802, P0, 55 %, 1088 MHz, 3505 MHz, 43, 38.18 W, 504 MiB
2026/10/10 00:30:52.020, P0, 58 %, 1088 MHz, 3505 MHz, 44, 44.78 W, 483 MiB
2026/10/10 00:30:52.228, P0, 58 %, 1088 MHz, 3505 MHz, 44, 41.44 W, 519 MiB
2026/10/10 00:30:52.435, P0, 61 %, 1113 MHz, 3505 MHz, 44, 42.08 W, 530 MiB
2026/10/10 00:30:52.643, P0, 55 %, 1113 MHz, 3505 MHz, 44, 42.59 W, 504 MiB
2026/10/10 00:30:52.850, P0, 58 %, 1113 MHz, 3505 MHz, 44, 39.14 W, 530 MiB
2026/10/10 00:30:53.057, P0, 54 %, 1113 MHz, 3505 MHz, 44, 40.75 W, 530 MiB
2026/10/10 00:30:53.264, P0, 57 %, 1113 MHz, 3505 MHz, 44, 44.59 W, 483 MiB
2026/10/10 00:30:53.472, P0, 56 %, 1113 MHz, 3505 MHz, 44, 43.54 W, 488 MiB
2026/10/10 00:30:53.678, P0, 54 %, 1113 MHz, 3505 MHz, 44, 42.67 W, 488 MiB
2026/10/10 00:30:53.884, P0, 53 %, 1113 MHz, 3505 MHz, 44, 44.10 W, 483 MiB
2026/10/10 00:30:54.107, P0, 56 %, 1113 MHz, 3505 MHz, 44, 38.83 W, 530 MiB
2026/10/10 00:30:54.327, P0, 46 %, 1113 MHz, 3505 MHz, 44, 43.54 W, 514 MiB
2026/10/10 00:30:54.548, P0, 51 %, 1113 MHz, 3505 MHz, 43, 44.78 W, 491 MiB
2026/10/10 00:30:54.771, P0, 51 %, 1113 MHz, 3505 MHz, 43, 44.01 W, 472 MiB
2026/10/10 00:30:54.978, P0, 55 %, 1113 MHz, 3505 MHz, 43, 40.19 W, 530 MiB
2026/10/10 00:30:55.188, P0, 27 %, 1113 MHz, 3505 MHz, 42, 28.29 W, 400 MiB
2026/10/10 00:30:55.405, P0, 2 %, 1113 MHz, 3505 MHz, 42, 27.70 W, 403 MiB
2026/10/10 00:30:55.624, P0, 3 %, 1113 MHz, 3505 MHz, 42, 27.51 W, 398 MiB
2026/10/10 00:30:55.842, P0, 2 %, 1177 MHz, 3505 MHz, 41, 27.52 W, 412 MiB
2026/10/10 00:30:56.050, P0, 1 %, 1177 MHz, 3505 MHz, 41, 27.52 W, 412 MiB
2026/10/10 00:30:56.258, P0, 1 %, 1177 MHz, 3505 MHz, 41, 35.19 W, 509 MiB
2026/10/10 00:30:56.464, P0, 41 %, 1177 MHz, 3505 MHz, 43, 41.05 W, 488 MiB
2026/10/10 00:30:56.687, P0, 43 %, 1177 MHz, 3505 MHz, 43, 38.27 W, 504 MiB
2026/10/10 00:30:56.894, P0, 42 %, 1177 MHz, 3505 MHz, 43, 44.30 W, 488 MiB
2026/10/10 00:30:57.102, P0, 48 %, 1177 MHz, 3505 MHz, 44, 38.85 W, 530 MiB
2026/10/10 00:30:57.310, P0, 54 %, 1177 MHz, 3505 MHz, 44, 42.12 W, 512 MiB
2026/10/10 00:30:57.517, P0, 50 %, 1177 MHz, 3505 MHz, 44, 45.63 W, 488 MiB
2026/10/10 00:30:57.738, P0, 50 %, 1177 MHz, 3505 MHz, 44, 40.56 W, 519 MiB
2026/10/10 00:30:57.960, P0, 54 %, 1177 MHz, 3505 MHz, 44, 40.08 W, 512 MiB
2026/10/10 00:30:58.168, P0, 48 %, 1177 MHz, 3505 MHz, 44, 40.66 W, 523 MiB
2026/10/10 00:30:58.389, P0, 50 %, 1177 MHz, 3505 MHz, 44, 43.25 W, 530 MiB
2026/10/10 00:30:58.610, P0, 53 %, 1177 MHz, 3505 MHz, 44, 43.25 W, 504 MiB
2026/10/10 00:30:58.819, P0, 52 %, 1177 MHz, 3505 MHz, 44, 43.06 W, 512 MiB
2026/10/10 00:30:59.026, P0, 56 %, 1177 MHz, 3505 MHz, 44, 40.28 W, 523 MiB
2026/10/10 00:30:59.248, P0, 50 %, 1177 MHz, 3505 MHz, 44, 43.15 W, 530 MiB
2026/10/10 00:30:59.469, P0, 54 %, 1177 MHz, 3505 MHz, 44, 44.39 W, 488 MiB
2026/10/10 00:30:59.676, P0, 50 %, 1177 MHz, 3505 MHz, 44, 45.08 W, 472 MiB
2026/10/10 00:30:59.884, P0, 51 %, 1177 MHz, 3505 MHz, 44, 38.27 W, 530 MiB
2026/10/10 00:31:00.103, P0, 47 %, 1177 MHz, 3505 MHz, 44, 41.14 W, 512 MiB
2026/10/10 00:31:00.324, P0, 52 %, 1177 MHz, 3505 MHz, 44, 46.60 W, 514 MiB
2026/10/10 00:31:00.543, P0, 54 %, 1177 MHz, 3505 MHz, 44, 42.77 W, 504 MiB
2026/10/10 00:31:00.751, P0, 53 %, 1177 MHz, 3505 MHz, 44, 43.35 W, 504 MiB
2026/10/10 00:31:00.959, P0, 50 %, 1177 MHz, 3505 MHz, 44, 41.63 W, 512 MiB
2026/10/10 00:31:01.167, P0, 54 %, 1177 MHz, 3505 MHz, 44, 41.83 W, 519 MiB
2026/10/10 00:31:01.375, P0, 54 %, 1177 MHz, 3505 MHz, 44, 41.34 W, 523 MiB
2026/10/10 00:31:01.581, P0, 52 %, 1177 MHz, 3505 MHz, 44, 39.61 W, 530 MiB
2026/10/10 00:31:01.805, P0, 48 %, 1177 MHz, 3505 MHz, 44, 40.00 W, 530 MiB
2026/10/10 00:31:02.013, P0, 55 %, 1177 MHz, 3505 MHz, 44, 47.94 W, 483 MiB
2026/10/10 00:31:02.221, P0, 54 %, 1177 MHz, 3505 MHz, 44, 47.36 W, 498 MiB
2026/10/10 00:31:02.429, P0, 53 %, 1177 MHz, 3505 MHz, 44, 45.75 W, 488 MiB
2026/10/10 00:31:02.637, P0, 55 %, 1177 MHz, 3505 MHz, 44, 42.39 W, 512 MiB
2026/10/10 00:31:02.845, P0, 51 %, 1177 MHz, 3505 MHz, 44, 36.74 W, 523 MiB
2026/10/10 00:31:03.067, P0, 55 %, 1177 MHz, 3505 MHz, 44, 43.35 W, 504 MiB
2026/10/10 00:31:03.274, P0, 55 %, 1177 MHz, 3505 MHz, 44, 40.66 W, 530 MiB
2026/10/10 00:31:03.480, P0, 54 %, 1177 MHz, 3505 MHz, 44, 41.62 W, 530 MiB
2026/10/10 00:31:03.688, P0, 55 %, 1177 MHz, 3505 MHz, 44, 46.90 W, 476 MiB
2026/10/10 00:31:03.896, P0, 55 %, 1177 MHz, 3505 MHz, 44, 46.60 W, 472 MiB
2026/10/10 00:31:04.104, P0, 53 %, 1177 MHz, 3505 MHz, 44, 44.10 W, 488 MiB
2026/10/10 00:31:04.311, P0, 50 %, 1177 MHz, 3505 MHz, 44, 41.15 W, 530 MiB
2026/10/10 00:31:04.530, P0, 53 %, 1177 MHz, 3505 MHz, 44, 42.50 W, 512 MiB
2026/10/10 00:31:04.738, P0, 52 %, 1177 MHz, 3505 MHz, 44, 42.60 W, 488 MiB
2026/10/10 00:31:04.958, P0, 54 %, 1177 MHz, 3505 MHz, 44, 45.92 W, 488 MiB
2026/10/10 00:31:05.164, P0, 54 %, 1177 MHz, 3505 MHz, 44, 42.31 W, 512 MiB
2026/10/10 00:31:05.372, P0, 55 %, 1177 MHz, 3505 MHz, 44, 40.56 W, 512 MiB
2026/10/10 00:31:05.580, P0, 55 %, 1177 MHz, 3505 MHz, 44, 43.35 W, 488 MiB
2026/10/10 00:31:05.799, P0, 49 %, 1177 MHz, 3505 MHz, 44, 29.04 W, 400 MiB
2026/10/10 00:31:06.015, P0, 3 %, 1177 MHz, 3505 MHz, 42, 28.09 W, 403 MiB
2026/10/10 00:31:06.234, P0, 3 %, 1177 MHz, 3505 MHz, 42, 28.09 W, 398 MiB
2026/10/10 00:31:06.452, P0, 2 %, 1177 MHz, 3505 MHz, 42, 27.60 W, 412 MiB
2026/10/10 00:31:06.659, P0, 1 %, 1177 MHz, 3505 MHz, 41, 27.42 W, 414 MiB
2026/10/10 00:31:06.877, P0, 2 %, 1177 MHz, 3505 MHz, 41, 37.59 W, 530 MiB
2026/10/10 00:31:07.085, P0, 54 %, 1177 MHz, 3505 MHz, 41, 44.59 W, 504 MiB
2026/10/10 00:31:07.293, P0, 53 %, 1177 MHz, 3505 MHz, 44, 43.16 W, 488 MiB
2026/10/10 00:31:07.515, P0, 52 %, 1177 MHz, 3505 MHz, 44, 42.67 W, 530 MiB
2026/10/10 00:31:07.723, P0, 55 %, 1177 MHz, 3505 MHz, 44, 46.31 W, 472 MiB
2026/10/10 00:31:07.931, P0, 53 %, 1177 MHz, 3505 MHz, 44, 40.56 W, 523 MiB
2026/10/10 00:31:08.139, P0, 56 %, 1177 MHz, 3505 MHz, 44, 40.10 W, 523 MiB
2026/10/10 00:31:08.347, P0, 52 %, 1177 MHz, 3505 MHz, 44, 47.08 W, 472 MiB
2026/10/10 00:31:08.552, P0, 56 %, 1177 MHz, 3505 MHz, 44, 42.21 W, 504 MiB
2026/10/10 00:31:08.768, P0, 49 %, 1177 MHz, 3505 MHz, 44, 43.65 W, 488 MiB
2026/10/10 00:31:08.988, P0, 50 %, 1177 MHz, 3505 MHz, 44, 40.29 W, 530 MiB
2026/10/10 00:31:09.196, P0, 55 %, 1177 MHz, 3505 MHz, 44, 47.28 W, 491 MiB
2026/10/10 00:31:09.419, P0, 56 %, 1177 MHz, 3505 MHz, 44, 41.33 W, 530 MiB
2026/10/10 00:31:09.626, P0, 53 %, 1177 MHz, 3505 MHz, 44, 39.71 W, 530 MiB
2026/10/10 00:31:09.834, P0, 53 %, 1177 MHz, 3505 MHz, 44, 43.91 W, 530 MiB
2026/10/10 00:31:10.042, P0, 53 %, 1177 MHz, 3505 MHz, 44, 45.83 W, 498 MiB
2026/10/10 00:31:10.263, P0, 55 %, 1177 MHz, 3505 MHz, 44, 40.95 W, 523 MiB
2026/10/10 00:31:10.483, P0, 51 %, 1177 MHz, 3505 MHz, 44, 45.82 W, 488 MiB
2026/10/10 00:31:10.705, P0, 55 %, 1177 MHz, 3505 MHz, 44, 47.18 W, 498 MiB
2026/10/10 00:31:10.926, P0, 56 %, 1177 MHz, 3505 MHz, 44, 42.10 W, 530 MiB
2026/10/10 00:31:11.131, P0, 53 %, 1177 MHz, 3505 MHz, 44, 43.92 W, 530 MiB
2026/10/10 00:31:11.339, P0, 53 %, 1177 MHz, 3505 MHz, 44, 47.65 W, 476 MiB
2026/10/10 00:31:11.545, P0, 55 %, 1177 MHz, 3505 MHz, 44, 47.28 W, 476 MiB
2026/10/10 00:31:11.753, P0, 55 %, 1177 MHz, 3505 MHz, 44, 43.82 W, 514 MiB
2026/10/10 00:31:11.975, P0, 51 %, 1177 MHz, 3505 MHz, 44, 40.00 W, 530 MiB
2026/10/10 00:31:12.183, P0, 56 %, 1177 MHz, 3505 MHz, 44, 47.28 W, 491 MiB
2026/10/10 00:31:12.391, P0, 53 %, 1177 MHz, 3505 MHz, 44, 43.73 W, 504 MiB
2026/10/10 00:31:12.611, P0, 48 %, 1177 MHz, 3505 MHz, 44, 46.22 W, 476 MiB
2026/10/10 00:31:12.831, P0, 52 %, 1177 MHz, 3505 MHz, 44, 41.05 W, 530 MiB
2026/10/10 00:31:13.038, P0, 50 %, 1177 MHz, 3505 MHz, 44, 42.60 W, 512 MiB
2026/10/10 00:31:13.259, P0, 56 %, 1177 MHz, 3505 MHz, 44, 44.30 W, 504 MiB
2026/10/10 00:31:13.464, P0, 56 %, 1177 MHz, 3505 MHz, 44, 41.34 W, 523 MiB
2026/10/10 00:31:13.671, P0, 52 %, 1177 MHz, 3505 MHz, 45, 44.49 W, 530 MiB
2026/10/10 00:31:13.893, P0, 56 %, 1177 MHz, 3505 MHz, 45, 40.28 W, 504 MiB
2026/10/10 00:31:14.101, P0, 56 %, 1177 MHz, 3505 MHz, 45, 40.85 W, 530 MiB
2026/10/10 00:31:14.320, P0, 56 %, 1177 MHz, 3505 MHz, 45, 41.54 W, 512 MiB
2026/10/10 00:31:14.528, P0, 52 %, 1177 MHz, 3505 MHz, 45, 40.38 W, 530 MiB
2026/10/10 00:31:14.746, P0, 52 %, 1177 MHz, 3505 MHz, 45, 47.26 W, 483 MiB
2026/10/10 00:31:14.954, P0, 56 %, 1177 MHz, 3505 MHz, 44, 42.87 W, 512 MiB
2026/10/10 00:31:15.162, P0, 54 %, 1177 MHz, 3505 MHz, 44, 41.63 W, 523 MiB
2026/10/10 00:31:15.382, P0, 53 %, 1177 MHz, 3505 MHz, 44, 43.15 W, 504 MiB
2026/10/10 00:31:15.589, P0, 55 %, 1177 MHz, 3505 MHz, 44, 40.56 W, 530 MiB
2026/10/10 00:31:15.811, P0, 53 %, 1177 MHz, 3505 MHz, 44, 44.10 W, 504 MiB
2026/10/10 00:31:16.030, P0, 55 %, 1177 MHz, 3505 MHz, 44, 28.48 W, 400 MiB
2026/10/10 00:31:16.249, P0, 3 %, 1177 MHz, 3505 MHz, 42, 28.09 W, 403 MiB
2026/10/10 00:31:16.468, P0, 3 %, 1177 MHz, 3505 MHz, 42, 27.80 W, 398 MiB
2026/10/10 00:31:16.687, P0, 2 %, 1177 MHz, 3505 MHz, 42, 27.60 W, 412 MiB
2026/10/10 00:31:16.907, P0, 1 %, 1177 MHz, 3505 MHz, 41, 27.51 W, 416 MiB
2026/10/10 00:31:17.115, P0, 40 %, 1177 MHz, 3505 MHz, 41, 41.81 W, 530 MiB
2026/10/10 00:31:17.323, P0, 48 %, 1177 MHz, 3505 MHz, 41, 41.15 W, 519 MiB
2026/10/10 00:31:17.529, P0, 48 %, 1177 MHz, 3505 MHz, 44, 42.47 W, 530 MiB
2026/10/10 00:31:17.751, P0, 51 %, 1177 MHz, 3505 MHz, 44, 45.65 W, 472 MiB
2026/10/10 00:31:17.959, P0, 47 %, 1177 MHz, 3505 MHz, 44, 41.14 W, 504 MiB
2026/10/10 00:31:18.167, P0, 49 %, 1177 MHz, 3505 MHz, 44, 45.45 W, 472 MiB
2026/10/10 00:31:18.375, P0, 51 %, 1177 MHz, 3505 MHz, 44, 38.86 W, 530 MiB
2026/10/10 00:31:18.595, P0, 48 %, 1177 MHz, 3505 MHz, 44, 40.10 W, 519 MiB
2026/10/10 00:31:18.813, P0, 50 %, 1177 MHz, 3505 MHz, 44, 39.43 W, 512 MiB
2026/10/10 00:31:19.037, P0, 49 %, 1177 MHz, 3505 MHz, 44, 39.43 W, 530 MiB
2026/10/10 00:31:19.245, P0, 51 %, 1177 MHz, 3505 MHz, 44, 40.00 W, 523 MiB
2026/10/10 00:31:19.452, P0, 54 %, 1177 MHz, 3505 MHz, 44, 41.44 W, 504 MiB
2026/10/10 00:31:19.674, P0, 49 %, 1177 MHz, 3505 MHz, 44, 40.08 W, 504 MiB
2026/10/10 00:31:19.881, P0, 49 %, 1177 MHz, 3505 MHz, 44, 46.70 W, 491 MiB
2026/10/10 00:31:20.089, P0, 50 %, 1177 MHz, 3505 MHz, 44, 38.76 W, 512 MiB
2026/10/10 00:31:20.311, P0, 50 %, 1177 MHz, 3505 MHz, 44, 40.37 W, 530 MiB
2026/10/10 00:31:20.519, P0, 52 %, 1177 MHz, 3505 MHz, 44, 39.61 W, 530 MiB
2026/10/10 00:31:20.727, P0, 51 %, 1177 MHz, 3505 MHz, 44, 44.30 W, 472 MiB
2026/10/10 00:31:20.949, P0, 52 %, 1177 MHz, 3505 MHz, 44, 40.00 W, 523 MiB
2026/10/10 00:31:21.157, P0, 51 %, 1177 MHz, 3505 MHz, 44, 41.14 W, 504 MiB
2026/10/10 00:31:21.365, P0, 52 %, 1177 MHz, 3505 MHz, 44, 46.41 W, 483 MiB
2026/10/10 00:31:21.573, P0, 49 %, 1177 MHz, 3505 MHz, 44, 39.61 W, 530 MiB
2026/10/10 00:31:21.781, P0, 51 %, 1177 MHz, 3505 MHz, 44, 39.80 W, 530 MiB
2026/10/10 00:31:21.986, P0, 54 %, 1177 MHz, 3505 MHz, 44, 40.56 W, 523 MiB
2026/10/10 00:31:22.205, P0, 50 %, 1177 MHz, 3505 MHz, 44, 43.15 W, 530 MiB
2026/10/10 00:31:22.425, P0, 52 %, 1177 MHz, 3505 MHz, 44, 43.73 W, 504 MiB
2026/10/10 00:31:22.633, P0, 50 %, 1177 MHz, 3505 MHz, 44, 46.12 W, 514 MiB
2026/10/10 00:31:22.841, P0, 50 %, 1177 MHz, 3505 MHz, 44, 38.94 W, 530 MiB
2026/10/10 00:31:23.047, P0, 52 %, 1177 MHz, 3505 MHz, 44, 40.28 W, 530 MiB
2026/10/10 00:31:23.255, P0, 53 %, 1177 MHz, 3505 MHz, 44, 37.21 W, 530 MiB
2026/10/10 00:31:23.477, P0, 47 %, 1177 MHz, 3505 MHz, 44, 41.83 W, 504 MiB
2026/10/10 00:31:23.685, P0, 52 %, 1177 MHz, 3505 MHz, 44, 43.05 W, 504 MiB
2026/10/10 00:31:23.893, P0, 53 %, 1177 MHz, 3505 MHz, 45, 42.68 W, 504 MiB
2026/10/10 00:31:24.101, P0, 54 %, 1177 MHz, 3505 MHz, 45, 44.39 W, 488 MiB
2026/10/10 00:31:24.309, P0, 51 %, 1177 MHz, 3505 MHz, 45, 43.81 W, 504 MiB
2026/10/10 00:31:24.515, P0, 51 %, 1177 MHz, 3505 MHz, 45, 39.12 W, 530 MiB
2026/10/10 00:31:24.735, P0, 48 %, 1177 MHz, 3505 MHz, 45, 45.35 W, 488 MiB
2026/10/10 00:31:24.953, P0, 48 %, 1177 MHz, 3505 MHz, 45, 44.79 W, 514 MiB
2026/10/10 00:31:25.162, P0, 48 %, 1177 MHz, 3505 MHz, 44, 41.44 W, 504 MiB
2026/10/10 00:31:25.370, P0, 53 %, 1177 MHz, 3505 MHz, 44, 42.58 W, 504 MiB
2026/10/10 00:31:25.587, P0, 51 %, 1177 MHz, 3505 MHz, 44, 42.11 W, 491 MiB
2026/10/10 00:31:25.796, P0, 50 %, 1177 MHz, 3505 MHz, 44, 43.15 W, 530 MiB
2026/10/10 00:31:26.003, P0, 52 %, 1177 MHz, 3505 MHz, 44, 40.67 W, 523 MiB
2026/10/10 00:31:26.211, P0, 52 %, 1177 MHz, 3505 MHz, 44, 40.95 W, 523 MiB
2026/10/10 00:31:26.417, P0, 51 %, 1177 MHz, 3505 MHz, 45, 42.50 W, 504 MiB
2026/10/10 00:31:26.636, P0, 51 %, 1177 MHz, 3505 MHz, 45, 42.11 W, 504 MiB
2026/10/10 00:31:26.852, P0, 18 %, 1177 MHz, 3505 MHz, 45, 28.27 W, 398 MiB
2026/10/10 00:31:27.063, P0, 3 %, 1177 MHz, 3505 MHz, 42, 27.51 W, 394 MiB
